,Rk,Year,Player,Pos,Age,School,Wt,40YD,Vertical,BenchReps,Broad Jump,3Cone,Shuttle,Team,Round,pickNum,year,height(in),FirstNm,LastNm
0,1,2009,Derrick Williams,WR,22.0,Penn State,194,4.47,33.0,15.0,,,,Detroit Lions ,3,82, 2009,71,DERRICK,WILLIAMS
1,2,2009,Mike Wallace,WR,22.0,Mississippi,199,4.33,40.0,14.0,129.0,6.9,4.27,Pittsburgh Steelers ,3,84, 2009,72,MIKE,WALLACE
2,3,2009,Tiquan Underwood,WR,22.0,Rutgers,184,4.31,41.5,7.0,129.0,6.62,4.11,Jacksonville Jaguars ,7,253, 2009,73,TIQUAN,UNDERWOOD
3,4,2009,Patrick Turner,WR,21.0,USC,223,4.59,,,,,,Miami Dolphins ,3,87, 2009,77,PATRICK,TURNER
4,5,2009,Mike Thomas,WR,21.0,Arizona,195,4.3,40.5,,126.0,6.65,4.28,Jacksonville Jaguars ,4,107, 2009,68,MIKE,THOMAS
5,6,2009,Brandon Tate,WR,21.0,North Carolina,183,4.52,,,,,,New England Patriots ,3,83, 2009,72,BRANDON,TATE
6,7,2009,Sammie Stroughter,WR,23.0,Oregon State,189,4.45,30.0,13.0,110.0,7.03,4.28,Tampa Bay Buccaneers ,7,233, 2009,69,SAMMIE,STROUGHTER
7,8,2009,Demetrius Byrd,WR,,LSU,199,4.35,31.5,,117.0,,,San Diego Chargers ,7,224, 2009,72,DEMETRIUS,BYRD
8,9,2009,Brian Robiskie,WR,21.0,Ohio State,209,4.46,37.5,,,6.72,4.19,Cleveland Browns ,2,36, 2009,75,BRIAN,ROBISKIE
12,13,2009,Hakeem Nicks,WR,21.0,North Carolina,212,4.51,36.0,,,,,New York Giants ,1,29, 2009,73,HAKEEM,NICKS
13,14,2009,Louis Murphy,WR,21.0,Florida,203,4.32,,12.0,,,,Oakland Raiders ,4,124, 2009,74,LOUIS,MURPHY
14,15,2009,Marko Mitchell,WR,23.0,Nevada,218,4.43,32.0,9.0,116.0,7.04,4.33,Washington Redskins ,7,243, 2009,76,MARKO,MITCHELL
15,16,2009,Kenny McKinley,WR,22.0,South Carolina,189,4.37,37.0,,113.0,6.96,4.1,Denver Broncos ,5,141, 2009,72,KENNY,MCKINLEY
16,17,2009,Mohamed Massaquoi,WR,22.0,Georgia,210,4.51,36.5,,127.0,,,Cleveland Browns ,2,50, 2009,73,MOHAMED,MASSAQUOI
17,18,2009,Jeremy Maclin,WR,20.0,Missouri,198,4.43,,,,,,Philadelphia Eagles ,1,19, 2009,72,JEREMY,MACLIN
18,19,2009,Quinten Lawrence,WR,24.0,McNeese State,184,4.4,,20.0,,,,Kansas City Chiefs ,6,175, 2009,72,QUINTEN,LAWRENCE
19,20,2009,Johnny Knox,WR,22.0,Abilene Christian,185,4.34,35.0,,122.0,6.81,4.15,Chicago Bears ,5,140, 2009,71,JOHNNY,KNOX
20,21,2009,Manuel Johnson,WR,22.0,Oklahoma,189,4.5,,,,,,Dallas Cowboys ,7,229, 2009,71,MANUEL,JOHNSON
21,22,2009,Juaquin Iglesias,WR,21.0,Oklahoma,210,4.44,34.5,,116.0,,4.4,Chicago Bears ,3,99, 2009,73,JUAQUIN,IGLESIAS
22,23,2009,Darrius Heyward-Bey,WR,22.0,Maryland,210,4.3,38.5,16.0,126.0,6.8,4.18,Oakland Raiders ,1,7, 2009,74,DARRIUS,HEYWARD-BEY
23,24,2009,Percy Harvin,WR,20.0,Florida,192,4.39,,19.0,,,,Minnesota Vikings ,1,22, 2009,71,PERCY,HARVIN
24,25,2009,Brian Hartline,WR,22.0,Ohio State,195,4.49,34.5,,120.0,6.65,4.12,Miami Dolphins ,4,108, 2009,74,BRIAN,HARTLINE
25,26,2009,Brandon Gibson,WR,21.0,Washington State,210,4.59,,,,,,Philadelphia Eagles ,6,194, 2009,72,BRANDON,GIBSON
26,27,2009,Brooks Foster,WR,22.0,North Carolina,211,4.44,,27.0,,,,St. Louis Rams ,5,160, 2009,72,BROOKS,FOSTER
27,28,2009,Dominique Edison,WR,22.0,Stephen F. Austin,204,4.42,37.0,,120.0,,4.18,Tennessee Titans ,6,206, 2009,74,DOMINIQUE,EDISON
28,29,2009,Jarett Dillard,WR,23.0,Rice,191,4.5,42.5,13.0,129.0,7.1,4.41,Jacksonville Jaguars ,5,144, 2009,70,JARETT,DILLARD
29,30,2009,Michael Crabtree,WR,21.0,Texas Tech,215,4.54,,,,,,San Francisco 49ers ,1,10, 2009,73,MICHAEL,CRABTREE
31,32,2009,Austin Collie,WR,23.0,BYU,200,4.53,34.0,17.0,120.0,6.78,4.24,Indianapolis Colts ,4,127, 2009,73,AUSTIN,COLLIE
32,33,2009,Deon Butler,WR,23.0,Penn State,182,4.31,34.5,12.0,118.0,7.01,4.48,Seattle Seahawks ,3,91, 2009,70,DEON,BUTLER
33,34,2009,Kenny Britt,WR,20.0,Rutgers,218,4.47,37.0,23.0,124.0,,4.47,Tennessee Titans ,1,30, 2009,75,KENNY,BRITT
34,35,2009,Ramses Barden,WR,23.0,Cal Poly,229,4.51,33.5,17.0,118.0,,4.26,New York Giants ,3,85, 2009,78,RAMSES,BARDEN
1,2,2010,Mike Williams,WR,22.0,Syracuse,221,4.53,33.5,8.0,116.0,6.9,4.31,Tampa Bay Buccaneers ,4,101, 2010,73,MIKE,WILLIAMS
2,3,2010,Kyle Williams,WR,21.0,Arizona State,188,4.4,33.0,11.0,118.0,7.0,4.19,San Francisco 49ers ,6,206, 2010,70,KYLE,WILLIAMS
3,4,2010,Damian Williams,WR,21.0,USC,197,4.52,38.0,19.0,118.0,6.79,4.24,Tennessee Titans ,3,77, 2010,73,DAMIAN,WILLIAMS
7,8,2010,Demaryius Thomas,WR,22.0,Georgia Tech,224,4.52,,,,,,Denver Broncos ,1,22, 2010,75,DEMARYIUS,THOMAS
8,9,2010,Golden Tate,WR,21.0,Notre Dame,199,4.42,35.0,17.0,120.0,7.12,4.34,Seattle Seahawks ,2,60, 2010,70,GOLDEN,TATE
9,10,2010,Jordan Shipley,WR,24.0,Texas,193,4.6,36.5,16.0,116.0,,,Cincinnati Bengals ,3,84, 2010,71,JORDAN,SHIPLEY
10,11,2010,Emmanuel Sanders,WR,22.0,SMU,186,4.4,39.5,12.0,126.0,6.64,4.1,Pittsburgh Steelers ,3,82, 2010,71,EMMANUEL,SANDERS
11,12,2010,Andre Roberts,WR,22.0,Citadel,195,4.4,36.0,15.0,120.0,6.77,4.15,Arizona Cardinals ,3,88, 2010,71,ANDRE,ROBERTS
12,13,2010,David Reed,WR,22.0,Utah,191,4.56,37.0,15.0,114.0,6.95,4.38,Baltimore Ravens ,5,156, 2010,72,DAVID,REED
13,14,2010,Taylor Price,WR,22.0,Ohio,204,4.4,37.0,16.0,114.0,6.82,4.34,New England Patriots ,3,90, 2010,72,TAYLOR,PRICE
15,16,2010,Carlton Mitchell,WR,21.0,South Florida,215,4.46,36.0,16.0,122.0,6.96,4.55,Cleveland Browns ,6,177, 2010,75,CARLTON,MITCHELL
16,17,2010,Kerry Meier,WR,23.0,Kansas,224,4.62,35.0,13.0,115.0,,4.23,Atlanta Falcons ,5,165, 2010,74,KERRY,MEIER
17,18,2010,Dexter McCluster,WR,20.0,Mississippi,172,4.53,37.5,20.0,118.0,,4.06,Kansas City Chiefs ,2,36, 2010,69,DEXTER,MCCLUSTER
18,19,2010,Brandon LaFell,WR,23.0,LSU,211,4.58,36.0,,115.0,6.81,4.23,Carolina Panthers ,3,78, 2010,74,BRANDON,LAFELL
21,22,2010,Trindon Holliday,WR,23.0,LSU,166,4.34,42.0,10.0,116.0,6.54,4.48,Houston Texans ,6,197, 2010,65,TRINDON,HOLLIDAY
22,23,2010,Mardy Gilyard,WR,23.0,Cincinnati,187,4.61,39.0,,116.0,6.92,4.4,St. Louis Rams ,4,99, 2010,72,MARDY,GILYARD
23,24,2010,David Gettis,WR,22.0,Baylor,217,4.43,34.5,15.0,124.0,6.94,4.41,Carolina Panthers ,6,198, 2010,75,DAVID,GETTIS
24,25,2010,Jacoby Ford,WR,22.0,Clemson,186,4.28,33.5,15.0,115.0,7.0,4.44,Oakland Raiders ,4,108, 2010,69,JACOBY,FORD
25,26,2010,Armanti Edwards,WR,21.0,Appalachian State,187,4.41,,,,,,Carolina Panthers ,3,89, 2010,71,ARMANTI,EDWARDS
26,27,2010,Marcus Easley,WR,22.0,Connecticut,210,4.39,34.0,16.0,123.0,6.94,4.6,Buffalo Bills ,4,107, 2010,75,MARCUS,EASLEY
27,28,2010,Eric Decker,WR,22.0,Minnesota,217,4.54,,15.0,,,,Denver Broncos ,3,87, 2010,75,ERIC,DECKER
28,29,2010,Riley Cooper,WR,22.0,Florida,222,4.53,33.0,,114.0,,,Philadelphia Eagles ,5,159, 2010,75,RILEY,COOPER
29,30,2010,Dez Bryant,WR,21.0,Oklahoma State,225,4.52,,,,,,Dallas Cowboys ,1,24, 2010,74,DEZ,BRYANT
30,31,2010,Antonio Brown,WR,21.0,Central Michigan,186,4.56,33.5,13.0,105.0,6.98,4.18,Pittsburgh Steelers ,6,195, 2010,70,ANTONIO,BROWN
31,32,2010,Dezmon Briscoe,WR,20.0,Kansas,207,4.66,33.0,9.0,115.0,7.1,4.57,Cincinnati Bengals ,6,191, 2010,74,DEZMON,BRISCOE
32,33,2010,Arrelious Benn,WR,21.0,Illinois,219,4.57,37.0,20.0,118.0,,,Tampa Bay Buccaneers ,2,39, 2010,73,ARRELIOUS,BENN
0,1,2011,Titus Young,WR,21.0,Boise State,174,4.43,,,123.0,,,Detroit Lions ,2,44, 2011,71,TITUS,YOUNG
1,2,2011,Ryan Whalen,WR,21.0,Stanford,202,4.53,38.5,18.0,123.0,6.67,4.09,Cincinnati Bengals ,6,167, 2011,73,RYAN,WHALEN
4,5,2011,Torrey Smith,WR,22.0,Maryland,204,4.41,41.0,19.0,126.0,6.72,4.13,Baltimore Ravens ,2,58, 2011,73,TORREY,SMITH
6,7,2011,Cecil Shorts,WR,23.0,Mount Union,205,4.5,34.5,21.0,114.0,6.5,4.07,Jacksonville Jaguars ,4,114, 2011,72,CECIL,SHORTS
8,9,2011,DeMarco Sampson,WR,25.0,San Diego State,204,4.41,,14.0,,,,Arizona Cardinals ,7,249, 2011,74,DEMARCO,SAMPSON
9,10,2011,Greg Salas,WR,22.0,Hawaii,210,4.53,37.0,15.0,120.0,6.65,4.1,St. Louis Rams ,4,112, 2011,73,GREG,SALAS
10,11,2011,Aldrick Robinson,WR,22.0,SMU,184,4.35,40.0,17.0,126.0,6.65,4.09,Washington Redskins ,6,178, 2011,70,ALDRICK,ROBINSON
11,12,2011,Kealoha Pilares,WR,23.0,Hawaii,199,4.42,,19.0,,,,Carolina Panthers ,5,132, 2011,70,KEALOHA,PILARES
12,13,2011,Austin Pettis,WR,22.0,Boise State,209,4.56,33.5,14.0,120.0,6.68,3.88,St. Louis Rams ,3,78, 2011,75,AUSTIN,PETTIS
13,14,2011,Niles Paul,WR,21.0,Nebraska,224,4.45,34.5,24.0,117.0,6.9,4.14,Washington Redskins ,5,155, 2011,73,NILES,PAUL
16,17,2011,Denarius Moore,WR,22.0,Tennessee,194,4.43,36.0,13.0,118.0,6.78,4.15,Oakland Raiders ,5,148, 2011,72,DENARIUS,MOORE
19,20,2011,Greg Little,WR,21.0,North Carolina,231,4.51,40.5,27.0,129.0,6.8,4.21,Cleveland Browns ,2,59, 2011,74,GREG,LITTLE
20,21,2011,Jeremy Kerley,WR,22.0,TCU,189,4.56,34.5,16.0,120.0,,,New York Jets ,5,153, 2011,69,JEREMY,KERLEY
21,22,2011,Julio Jones,WR,22.0,Alabama,220,4.34,38.5,17.0,135.0,6.66,4.25,Atlanta Falcons ,1,6, 2011,75,JULIO,JONES
22,23,2011,Ronald Johnson,WR,22.0,USC,199,4.46,,16.0,,,,San Francisco 49ers ,6,182, 2011,71,RONALD,JOHNSON
23,24,2011,Jerrel Jernigan,WR,21.0,Troy,185,4.46,37.5,11.0,124.0,7.07,4.25,New York Giants ,3,83, 2011,69,JERREL,JERNIGAN
26,27,2011,Dwayne Harris,WR,23.0,East Carolina,203,4.53,34.0,10.0,111.0,6.77,4.21,Dallas Cowboys ,6,176, 2011,70,DWAYNE,HARRIS
27,28,2011,Leonard Hankerson,WR,22.0,Miami (FL),209,4.4,36.0,14.0,117.0,6.94,4.21,Washington Redskins ,3,79, 2011,73,LEONARD,HANKERSON
30,31,2011,A.J. Green,WR,22.0,Georgia,211,4.48,34.5,18.0,126.0,6.91,4.21,Cincinnati Bengals ,1,4, 2011,76,AJ,GREEN
31,32,2011,Clyde Gates,WR,24.0,Abilene Christian,192,4.31,40.0,16.0,131.0,,,Miami Dolphins ,4,111, 2011,72,CLYDE,GATES
32,33,2011,Tandon Doss,WR,21.0,Indiana,201,4.62,,14.0,,,,Baltimore Ravens ,4,123, 2011,74,TANDON,DOSS
34,35,2011,Randall Cobb,WR,20.0,Kentucky,191,4.46,33.5,16.0,115.0,7.08,4.34,Green Bay Packers ,2,64, 2011,70,RANDALL,COBB
35,36,2011,Stephen Burton,WR,21.0,West Texas A&M,221,4.5,34.5,19.0,117.0,7.04,4.31,Minnesota Vikings ,7,236, 2011,73,STEPHEN,BURTON
36,37,2011,Vincent Brown,WR,22.0,San Diego State,187,4.68,33.5,12.0,121.0,6.64,4.25,San Diego Chargers ,3,82, 2011,71,VINCENT,BROWN
38,39,2011,Jon Baldwin,WR,21.0,Pittsburgh,228,4.49,42.0,20.0,129.0,7.07,4.34,Kansas City Chiefs ,1,26, 2011,76,JON,BALDWIN
0,1,2012,Devon Wylie,WR,23.0,Fresno State,187,4.36,39.0,17.0,123.0,,,Kansas City Chiefs ,4,107, 2012,69,DEVON,WYLIE
1,2,2012,Kendall Wright,WR,22.0,Baylor,196,4.49,38.5,,121.0,6.93,4.18,Tennessee Titans ,1,20, 2012,70,KENDALL,WRIGHT
2,3,2012,Jarius Wright,WR,22.0,Arkansas,182,4.39,38.0,11.0,120.0,6.93,4.03,Minnesota Vikings ,4,118, 2012,70,JARIUS,WRIGHT
3,4,2012,Jordan White,WR,23.0,West. Michigan,208,4.63,35.0,14.0,119.0,6.84,4.13,New York Jets ,7,244, 2012,72,JORDAN,WHITE
4,5,2012,Nick Toon,WR,23.0,Wisconsin,215,4.49,37.5,18.0,,,,New Orleans Saints ,4,122, 2012,74,NICK,TOON
5,6,2012,Tommy Streeter,WR,22.0,Miami (FL),219,4.37,33.0,17.0,125.0,7.08,,Baltimore Ravens ,6,198, 2012,77,TOMMY,STREETER
6,7,2012,Mohamed Sanu,WR,22.0,Rutgers,211,4.62,36.0,19.0,126.0,6.88,4.22,Cincinnati Bengals ,3,83, 2012,73,MOHAMED,SANU
8,9,2012,Rueben Randle,WR,20.0,LSU,210,4.55,31.0,15.0,121.0,6.99,4.36,New York Giants ,2,63, 2012,75,RUEBEN,RANDLE
9,10,2012,Brian Quick,WR,22.0,Appalachian State,220,4.5,34.0,15.0,119.0,7.1,4.23,St. Louis Rams ,2,33, 2012,75,BRIAN,QUICK
10,11,2012,DeVier Posey,WR,21.0,Ohio State,211,4.39,36.5,14.0,123.0,7.03,4.15,Houston Texans ,3,68, 2012,74,DEVIER,POSEY
15,16,2012,Marvin McNutt,WR,22.0,Iowa,216,4.48,37.0,,122.0,7.15,4.07,Philadelphia Eagles ,6,194, 2012,75,MARVIN,MCNUTT
16,17,2012,Rishard Matthews,WR,22.0,Nevada,217,4.54,36.0,20.0,,6.88,4.19,Miami Dolphins ,7,227, 2012,72,RISHARD,MATTHEWS
17,18,2012,Keshawn Martin,WR,21.0,Michigan State,188,4.42,39.5,13.0,122.0,6.85,4.13,Houston Texans ,4,121, 2012,71,KESHAWN,MARTIN
19,20,2012,Marvin Jones,WR,21.0,California,199,4.46,33.0,22.0,112.0,6.81,4.11,Cincinnati Bengals ,5,166, 2012,74,MARVIN,JONES
21,22,2012,A.J. Jenkins,WR,22.0,Illinois,190,4.37,38.5,12.0,124.0,,,San Francisco 49ers ,1,30, 2012,72,AJ,JENKINS
22,23,2012,Alshon Jeffery,WR,22.0,South Carolina,216,4.48,,,,,,Chicago Bears ,2,45, 2012,75,ALSHON,JEFFERY
24,25,2012,T.Y. Hilton,WR,22.0,Florida International,183,4.34,,,,,,Indianapolis Colts ,3,92, 2012,69,TY,HILTON
25,26,2012,Stephen Hill,WR,20.0,Georgia Tech,215,4.36,39.5,14.0,133.0,6.88,4.48,New York Jets ,2,43, 2012,76,STEPHEN,HILL
26,27,2012,Junior Hemingway,WR,23.0,Michigan,225,4.48,35.5,21.0,124.0,6.59,3.98,Kansas City Chiefs ,7,238, 2012,73,JUNIOR,HEMINGWAY
28,29,2012,T.J. Graham,WR,22.0,North Carolina State,188,4.34,33.5,8.0,120.0,6.77,4.18,Buffalo Bills ,3,69, 2012,71,TJ,GRAHAM
29,30,2012,Chris Givens,WR,22.0,Wake Forest,198,4.35,33.5,19.0,118.0,6.97,4.23,St. Louis Rams ,4,96, 2012,71,CHRIS,GIVENS
31,32,2012,Michael Floyd,WR,22.0,Notre Dame,220,4.4,36.5,16.0,122.0,,,Arizona Cardinals ,1,13, 2012,75,MICHAEL,FLOYD
33,34,2012,B.J. Cunningham,WR,22.0,Michigan State,211,4.52,31.5,12.0,116.0,7.1,,Miami Dolphins ,6,183, 2012,73,BJ,CUNNINGHAM
34,35,2012,Juron Criner,WR,22.0,Arizona,224,4.66,38.0,17.0,117.0,7.15,4.3,Oakland Raiders ,5,168, 2012,74,JURON,CRINER
36,37,2012,Danny Coale,WR,23.0,Virginia Tech,201,4.42,35.0,12.0,115.0,6.69,4.15,Dallas Cowboys ,5,152, 2012,72,DANNY,COALE
37,38,2012,Greg Childs,WR,21.0,Arkansas,219,4.52,36.5,19.0,125.0,,,Minnesota Vikings ,4,134, 2012,75,GREG,CHILDS
38,39,2012,Ryan Broyles,WR,23.0,Oklahoma,192,4.57,,21.0,,,,Detroit Lions ,2,54, 2012,70,RYAN,BROYLES
39,40,2012,LaVon Brazill,WR,22.0,Ohio,192,4.43,32.5,11.0,,,,Indianapolis Colts ,6,206, 2012,71,LAVON,BRAZILL
41,42,2012,Justin Blackmon,WR,22.0,Oklahoma State,207,4.46,,14.0,,,,Jacksonville Jaguars ,1,5, 2012,73,JUSTIN,BLACKMON
42,43,2012,Travis Benjamin,WR,22.0,Miami (FL),172,4.31,38.0,14.0,119.0,,,Cleveland Browns ,4,100, 2012,70,TRAVIS,BENJAMIN
44,45,2012,Joe Adams,WR,22.0,Arkansas,179,4.51,36.0,,123.0,7.09,,Carolina Panthers ,4,104, 2012,71,JOE,ADAMS
0,1,2013,Robert Woods,WR,20.0,USC,201,4.51,33.5,14.0,117.0,7.15,4.47,Buffalo Bills ,2,41, 2013,72,ROBERT,WOODS
1,2,2013,Marquess Wilson,WR,20.0,Washington State,194,4.51,34.5,7.0,122.0,6.65,4.33,Chicago Bears ,7,236, 2013,75,MARQUESS,WILSON
2,3,2013,Terrance Williams,WR,23.0,Baylor,208,4.52,32.5,11.0,119.0,7.01,4.32,Dallas Cowboys ,3,74, 2013,74,TERRANCE,WILLIAMS
3,4,2013,Markus Wheaton,WR,22.0,Oregon State,189,4.45,37.0,20.0,120.0,6.8,4.02,Pittsburgh Steelers ,3,79, 2013,71,MARKUS,WHEATON
6,7,2013,Ryan Swope,WR,22.0,Texas A&M,205,4.34,37.0,16.0,125.0,6.76,4.25,Arizona Cardinals ,6,174, 2013,72,RYAN,SWOPE
7,8,2013,Kenny Stills,WR,20.0,Oklahoma,194,4.38,33.5,16.0,124.0,,4.35,New Orleans Saints ,5,144, 2013,72,KENNY,STILLS
10,11,2013,Ace Sanders,WR,21.0,South Carolina,173,4.58,32.0,7.0,117.0,6.81,4.37,Jacksonville Jaguars ,4,101, 2013,67,ACE,SANDERS
13,14,2013,Denard Robinson,WR,22.0,Michigan,199,4.43,36.5,,123.0,7.09,4.22,Jacksonville Jaguars ,5,135, 2013,70,DENARD,ROBINSON
14,15,2013,Quinton Patton,WR,22.0,Louisiana Tech,204,4.53,33.0,8.0,118.0,6.91,4.01,San Francisco 49ers ,4,128, 2013,72,QUINTON,PATTON
15,16,2013,Cordarrelle Patterson,WR,21.0,Tennessee,216,4.42,37.0,,128.0,,,Minnesota Vikings ,1,29, 2013,74,CORDARRELLE,PATTERSON
17,18,2013,Aaron Mellette,WR,23.0,Elon,217,4.54,33.5,9.0,123.0,7.11,4.41,Baltimore Ravens ,7,238, 2013,74,AARON,MELLETTE
19,20,2013,Tavarres King,WR,22.0,Georgia,189,4.47,36.5,11.0,123.0,6.91,4.33,Denver Broncos ,5,161, 2013,72,TAVARRES,KING
22,23,2013,Justin Hunter,WR,21.0,Tennessee,196,4.44,39.5,,136.0,,4.33,Tennessee Titans ,2,34, 2013,76,JUSTIN,HUNTER
23,24,2013,DeAndre Hopkins,WR,20.0,Clemson,214,4.57,36.0,15.0,115.0,,4.5,Houston Texans ,1,27, 2013,73,DEANDRE,HOPKINS
25,26,2013,Chris Harper,WR,23.0,Kansas State,229,4.55,35.5,20.0,116.0,6.89,4.39,Seattle Seahawks ,4,123, 2013,73,CHRIS,HARPER
26,27,2013,Cobi Hamilton,WR,22.0,Arkansas,212,4.56,29.5,11.0,107.0,,4.31,Cincinnati Bengals ,6,197, 2013,74,COBI,HAMILTON
27,28,2013,Marquise Goodwin,WR,22.0,Texas,183,4.27,,13.0,132.0,,,Buffalo Bills ,3,78, 2013,69,MARQUISE,GOODWIN
28,29,2013,Corey Fuller,WR,22.0,Virginia Tech,204,4.43,31.5,12.0,120.0,,,Detroit Lions ,6,171, 2013,74,COREY,FULLER
29,30,2013,Aaron Dobson,WR,21.0,Marshall,210,4.37,,,,,,New England Patriots ,2,59, 2013,75,AARON,DOBSON
32,33,2013,Josh Boyce,WR,21.0,TCU,206,4.38,34.0,22.0,131.0,6.68,4.1,New England Patriots ,4,102, 2013,71,JOSH,BOYCE
33,34,2013,Alan Bonner,WR,22.0,Jacksonville State,193,4.59,33.0,14.0,117.0,,4.15,Houston Texans ,6,195, 2013,70,ALAN,BONNER
34,35,2013,Stedman Bailey,WR,22.0,West Virginia,193,4.52,34.5,11.0,117.0,6.81,4.09,St. Louis Rams ,3,92, 2013,70,STEDMAN,BAILEY
35,36,2013,Tavon Austin,WR,22.0,West Virginia,174,4.34,32.0,14.0,120.0,,4.01,St. Louis Rams ,1,8, 2013,68,TAVON,AUSTIN
36,37,2013,Keenan Allen,WR,20.0,California,206,4.58,,,,,,San Diego Chargers ,3,76, 2013,74,KEENAN,ALLEN
1,2,2014,Sammy Watkins,WR,20.0,Clemson,211,4.43,34.0,16.0,126.0,6.95,4.34,Buffalo Bills ,1,4, 2014,73,SAMMY,WATKINS
3,4,2014,Devin Street,WR,22.0,Pittsburgh,198,4.55,37.0,,124.0,6.89,4.01,Dallas Cowboys ,5,146, 2014,75,DEVIN,STREET
6,7,2014,Jalen Saunders,WR,21.0,Oklahoma,165,4.44,34.0,,122.0,,,New York Jets ,4,104, 2014,69,JALEN,SAUNDERS
7,8,2014,Allen Robinson,WR,20.0,Penn State,220,4.6,39.0,,127.0,7.0,4.0,Jacksonville Jaguars ,2,61, 2014,75,ALLEN,ROBINSON
8,9,2014,Paul Richardson,WR,21.0,Colorado,175,4.4,38.0,,124.0,7.09,,Seattle Seahawks ,2,45, 2014,72,PAUL,RICHARDSON
9,10,2014,Tevin Reese,WR,23.0,Baylor,163,4.46,41.0,,132.0,6.63,4.18,San Diego Chargers ,7,240, 2014,70,TEVIN,REESE
10,11,2014,Kevin Norwood,WR,24.0,Alabama,198,4.48,33.0,8.0,121.0,6.68,4.32,Seattle Seahawks ,4,123, 2014,74,KEVIN,NORWOOD
11,12,2014,Donte Moncrief,WR,20.0,Mississippi,221,4.4,39.5,13.0,132.0,7.02,4.3,Indianapolis Colts ,3,90, 2014,74,DONTE,MONCRIEF
12,13,2014,Jordan Matthews,WR,21.0,Vanderbilt,212,4.46,35.5,21.0,120.0,6.95,4.18,Philadelphia Eagles ,2,42, 2014,75,JORDAN,MATTHEWS
14,15,2014,Marqise Lee,WR,22.0,USC,192,4.52,38.0,,127.0,,4.01,Jacksonville Jaguars ,2,39, 2014,72,MARQISE,LEE
15,16,2014,Cody Latimer,WR,21.0,Indiana,215,4.52,,23.0,,,,Denver Broncos ,2,56, 2014,74,CODY,LATIMER
16,17,2014,Jarvis Landry,WR,21.0,LSU,205,4.65,28.5,12.0,110.0,,,Miami Dolphins ,2,63, 2014,71,JARVIS,LANDRY
18,19,2014,Jeff Janis,WR,22.0,Saginaw Valley State,219,4.42,37.5,20.0,123.0,6.64,3.98,Green Bay Packers ,7,236, 2014,75,JEFF,JANIS
20,21,2014,Josh Huff,WR,22.0,Oregon,206,4.51,35.5,14.0,116.0,,,Philadelphia Eagles ,3,86, 2014,71,JOSH,HUFF
22,23,2014,Robert Herron,WR,21.0,Wyoming,193,4.48,35.5,18.0,125.0,6.84,4.27,Tampa Bay Buccaneers ,6,185, 2014,69,ROBERT,HERRON
23,24,2014,Matt Hazel,WR,22.0,Coastal Carolina,198,4.5,36.5,15.0,118.0,7.08,4.2,Miami Dolphins ,6,190, 2014,73,MATT,HAZEL
24,25,2014,Ryan Grant,WR,23.0,Tulane,199,4.64,35.5,8.0,119.0,6.68,4.11,Washington Redskins ,5,142, 2014,72,RYAN,GRANT
25,26,2014,Jeremy Gallon,WR,24.0,Michigan,185,4.49,,15.0,,,,New England Patriots ,7,244, 2014,67,JEREMY,GALLON
28,29,2014,Shaquelle Evans,WR,23.0,UCLA,213,4.51,34.5,13.0,122.0,7.07,4.21,New York Jets ,4,115, 2014,73,SHAQUELLE,EVANS
29,30,2014,Mike Evans,WR,20.0,Texas A&M,231,4.53,37.0,12.0,,7.08,4.26,Tampa Bay Buccaneers ,1,7, 2014,77,MIKE,EVANS
30,31,2014,Quincy Enunwa,WR,21.0,Nebraska,225,4.41,,19.0,,,,New York Jets ,6,209, 2014,74,QUINCY,ENUNWA
31,32,2014,Bruce Ellington,WR,22.0,South Carolina,197,4.45,39.5,15.0,120.0,6.69,3.95,San Francisco 49ers ,4,106, 2014,69,BRUCE,ELLINGTON
34,35,2014,Brandin Cooks,WR,20.0,Oregon State,189,4.33,36.0,16.0,120.0,6.76,3.81,New Orleans Saints ,1,20, 2014,70,BRANDIN,COOKS
37,38,2014,Michael Campanaro,WR,23.0,Wake Forest,192,4.46,39.0,20.0,122.0,6.77,4.01,Baltimore Ravens ,7,218, 2014,69,MICHAEL,CAMPANARO
40,41,2014,Martavis Bryant,WR,22.0,Clemson,211,4.42,39.0,16.0,124.0,7.18,4.15,Pittsburgh Steelers ,4,118, 2014,76,MARTAVIS,BRYANT
42,43,2014,John Brown,WR,23.0,Pittsburg State,179,4.34,36.5,,119.0,6.91,4.12,Arizona Cardinals ,3,91, 2014,70,JOHN,BROWN
44,45,2014,Kelvin Benjamin,WR,23.0,Florida State,240,4.61,32.5,13.0,119.0,7.33,4.39,Carolina Panthers ,1,28, 2014,77,KELVIN,BENJAMIN
45,46,2014,"Odell Beckham, Jr.",WR,21.0,LSU,198,4.38,38.5,7.0,122.0,6.69,3.94,New York Giants ,1,12, 2014,71,ODELL,BECKHAM JR
46,47,2014,Dri Archer,WR,22.0,Kent State,173,4.26,38.0,20.0,122.0,6.86,4.06,Pittsburgh Steelers ,3,97, 2014,68,DRI,ARCHER
47,48,2014,Davante Adams,WR,21.0,Fresno State,212,4.56,39.5,14.0,123.0,6.82,4.3,Green Bay Packers ,2,53, 2014,73,DAVANTE,ADAMS
48,49,2014,Jared Abbrederis,WR,23.0,Wisconsin,195,4.5,30.5,4.0,117.0,6.8,4.08,Green Bay Packers ,5,176, 2014,73,JARED,ABBREDERIS
1,2,2015,Kevin White,WR,22.0,West Virginia,215,4.35,36.5,23.0,123.0,6.92,4.14,Chicago Bears ,1,7, 2015,75,KEVIN,WHITE
3,4,2015,Darren Waller,WR,22.0,Georgia Tech,238,4.46,37.0,12.0,125.0,7.07,4.25,Baltimore Ravens ,6,204, 2015,78,DARREN,WALLER
4,5,2015,Jaelen Strong,WR,21.0,Arizona State,217,4.44,42.0,,123.0,,,Houston Texans ,3,70, 2015,74,JAELEN,STRONG
5,6,2015,Devin Smith,WR,23.0,Ohio State,196,4.42,39.0,10.0,122.0,,4.15,New York Jets ,2,37, 2015,72,DEVIN,SMITH
6,7,2015,DeAndre Smelter,WR,23.0,Georgia Tech,226,4.52,,,,,,San Francisco 49ers ,4,132, 2015,74,DEANDRE,SMELTER
8,9,2015,Breshad Perriman,WR,21.0,Central Florida,212,,,,,,,Baltimore Ravens ,1,26, 2015,74,BRESHAD,PERRIMAN
9,10,2015,DeVante Parker,WR,22.0,Louisville,209,4.45,36.5,17.0,125.0,,,Miami Dolphins ,1,14, 2015,75,DEVANTE,PARKER
10,11,2015,J.J. Nelson,WR,22.0,Ala-Birmingham,156,4.28,36.0,,127.0,7.02,4.15,Arizona Cardinals ,5,159, 2015,70,JJ,NELSON
11,12,2015,Keith Mumphery,WR,22.0,Michigan State,215,4.54,32.5,,121.0,7.07,4.25,Houston Texans ,5,175, 2015,72,KEITH,MUMPHERY
12,13,2015,Ty Montgomery,WR,22.0,Stanford,221,4.55,40.5,,121.0,6.97,4.21,Green Bay Packers ,3,94, 2015,72,TY,MONTGOMERY
13,14,2015,Tre McBride,WR,22.0,William & Mary,210,4.41,38.0,16.0,122.0,6.96,4.08,Tennessee Titans ,7,245, 2015,72,TRE,MCBRIDE
14,15,2015,Vince Mayle,WR,23.0,Washington State,224,4.67,35.5,,117.0,6.93,4.13,Cleveland Browns ,4,123, 2015,74,VINCE,MAYLE
16,17,2015,Tyler Lockett,WR,22.0,Kansas State,182,4.4,35.5,,121.0,6.89,4.07,Seattle Seahawks ,3,69, 2015,70,TYLER,LOCKETT
17,18,2015,Tony Lippett,WR,22.0,Michigan State,192,4.61,36.0,10.0,114.0,6.92,4.13,Miami Dolphins ,5,156, 2015,74,TONY,LIPPETT
19,20,2015,Justin Hardy,WR,23.0,East Carolina,192,4.56,36.5,11.0,114.0,6.63,4.21,Atlanta Falcons ,4,107, 2015,70,JUSTIN,HARDY
21,22,2015,Rashad Greene,WR,22.0,Florida State,182,4.53,36.5,,122.0,6.88,4.12,Jacksonville Jaguars ,5,139, 2015,71,RASHAD,GREENE
22,23,2015,Dorial Green-Beckham,WR,21.0,Oklahoma,237,4.49,33.5,13.0,119.0,6.89,4.45,Tennessee Titans ,2,40, 2015,77,DORIAL,GREEN-BECKHAM
24,25,2015,Devin Funchess,WR,20.0,Michigan,232,4.7,38.5,17.0,122.0,,,Carolina Panthers ,2,41, 2015,76,DEVIN,FUNCHESS
25,26,2015,Phillip Dorsett,WR,22.0,Miami (FL),185,4.33,37.0,13.0,122.0,6.7,4.11,Indianapolis Colts ,1,29, 2015,70,PHILLIP,DORSETT
26,27,2015,Stefon Diggs,WR,21.0,Maryland,195,4.46,35.0,,115.0,7.03,4.32,Minnesota Vikings ,5,146, 2015,72,STEFON,DIGGS
28,29,2015,Geremy Davis,WR,23.0,Connecticut,216,4.49,36.5,23.0,124.0,6.86,4.18,New York Giants ,6,186, 2015,74,GEREMY,DAVIS
29,30,2015,Jamison Crowder,WR,21.0,Duke,185,4.56,37.0,10.0,115.0,7.17,4.32,Washington Redskins ,4,105, 2015,68,JAMISON,CROWDER
30,31,2015,Amari Cooper,WR,20.0,Alabama,211,4.42,33.0,,120.0,6.71,3.98,Oakland Raiders ,1,4, 2015,73,AMARI,COOPER
31,32,2015,Chris Conley,WR,22.0,Georgia,213,4.35,45.0,18.0,139.0,7.06,4.3,Kansas City Chiefs ,3,76, 2015,74,CHRIS,CONLEY
32,33,2015,Sammie Coates,WR,21.0,Auburn,212,4.43,41.0,23.0,131.0,6.98,4.06,Pittsburgh Steelers ,3,87, 2015,73,SAMMIE,COATES
33,34,2015,Kaelin Clay,WR,23.0,Utah,195,4.51,33.0,10.0,113.0,6.97,4.26,Tampa Bay Buccaneers ,6,184, 2015,70,KAELIN,CLAY
34,35,2015,Da'Ron Brown,WR,23.0,Northern Illinois,205,4.54,37.0,17.0,120.0,7.04,4.11,Kansas City Chiefs ,7,233, 2015,72,DA'RON,BROWN
35,36,2015,Kenny Bell,WR,23.0,Nebraska,197,4.42,41.5,7.0,129.0,6.66,4.15,Tampa Bay Buccaneers ,5,162, 2015,73,KENNY,BELL
37,38,2015,Mario Alford,WR,23.0,West Virginia,180,4.43,34.0,13.0,121.0,6.64,4.07,Cincinnati Bengals ,7,238, 2015,68,MARIO,ALFORD
38,39,2015,Nelson Agholor,WR,21.0,USC,198,4.42,,12.0,,,,Philadelphia Eagles ,1,20, 2015,72,NELSON,AGHOLOR
2,3,2016,Laquon Treadwell,WR,20.0,Mississippi,221,4.52,33.0,12.0,117.0,,,Minnesota Vikings ,1,23, 2016,74,LAQUON,TREADWELL
3,4,2016,Michael Thomas,WR,23.0,Ohio State,212,4.57,35.0,18.0,126.0,6.8,4.13,New Orleans Saints ,2,47, 2016,75,MICHAEL,THOMAS
5,6,2016,Sterling Shepard,WR,23.0,Oklahoma,194,4.48,41.0,20.0,123.0,7.0,4.35,New York Giants ,2,40, 2016,70,STERLING,SHEPARD
6,7,2016,Tajae Sharpe,WR,21.0,Massachusetts,194,4.55,33.5,11.0,114.0,,,Tennessee Titans ,5,140, 2016,74,TAJAE,SHARPE
10,11,2016,Demarcus Robinson,WR,21.0,Florida,203,4.59,34.5,,123.0,6.77,4.19,Kansas City Chiefs ,4,126, 2016,73,DEMARCUS,ROBINSON
11,12,2016,Charone Peake,WR,23.0,Clemson,209,4.45,35.5,12.0,122.0,6.96,4.46,New York Jets ,7,241, 2016,74,CHARONE,PEAKE
12,13,2016,Jordan Payton,WR,22.0,UCLA,207,4.47,34.5,,121.0,7.08,4.33,Cleveland Browns ,5,154, 2016,73,JORDAN,PAYTON
13,14,2016,Chris Moore,WR,22.0,Cincinnati,206,4.53,37.0,10.0,130.0,6.76,4.2,Baltimore Ravens ,4,107, 2016,73,CHRIS,MOORE
14,15,2016,Malcolm Mitchell,WR,23.0,Georgia,198,4.45,36.0,15.0,129.0,6.94,4.34,New England Patriots ,4,112, 2016,72,MALCOLM,MITCHELL
15,16,2016,Braxton Miller,WR,23.0,Ohio State,201,4.5,35.0,17.0,123.0,6.65,4.07,Houston Texans ,3,85, 2016,73,BRAXTON,MILLER
19,20,2016,Ricardo Louis,WR,21.0,Auburn,215,4.43,38.0,18.0,132.0,,,Cleveland Browns ,4,114, 2016,74,RICARDO,LOUIS
20,21,2016,Kolby Listenbee,WR,22.0,TCU,197,4.39,35.5,15.0,129.0,,,Buffalo Bills ,6,192, 2016,72,KOLBY,LISTENBEE
21,22,2016,Kenny Lawler,WR,21.0,California,203,4.64,31.0,,111.0,7.13,4.2,Seattle Seahawks ,7,243, 2016,74,KENNY,LAWLER
23,24,2016,Rashard Higgins,WR,21.0,Colorado State,196,4.64,32.0,13.0,116.0,,,Cleveland Browns ,5,172, 2016,73,RASHARD,HIGGINS
25,26,2016,Will Fuller,WR,21.0,Notre Dame,186,4.32,33.5,10.0,126.0,6.93,4.27,Houston Texans ,1,21, 2016,72,WILL,FULLER
27,28,2016,Josh Doctson,WR,23.0,TCU,202,4.5,41.0,14.0,131.0,6.84,4.08,Washington Redskins ,1,22, 2016,74,JOSH,DOCTSON
28,29,2016,Trevor Davis,WR,22.0,California,188,4.42,38.5,11.0,124.0,6.6,4.22,Green Bay Packers ,5,163, 2016,73,TREVOR,DAVIS
29,30,2016,Cody Core,WR,21.0,Mississippi,205,4.47,31.5,14.0,119.0,,,Cincinnati Bengals ,6,199, 2016,75,CODY,CORE
30,31,2016,Pharoh Cooper,WR,21.0,South Carolina,203,4.52,31.0,15.0,115.0,,,Los Angeles Rams ,4,117, 2016,71,PHAROH,COOPER
31,32,2016,Corey Coleman,WR,21.0,Baylor,194,4.42,40.5,17.0,129.0,,,Cleveland Browns ,1,15, 2016,71,COREY,COLEMAN
32,33,2016,Leonte Carroo,WR,22.0,Rutgers,211,4.5,35.5,14.0,120.0,,,Miami Dolphins ,3,86, 2016,72,LEONTE,CARROO
34,35,2016,Aaron Burbridge,WR,22.0,Michigan State,206,4.56,30.5,20.0,115.0,7.22,4.31,San Francisco 49ers ,6,213, 2016,72,AARON,BURBRIDGE
36,37,2016,Tyler Boyd,WR,21.0,Pittsburgh,197,4.58,34.0,11.0,119.0,6.9,4.35,Cincinnati Bengals ,2,55, 2016,73,TYLER,BOYD
37,38,2016,Demarcus Ayers,WR,21.0,Houston,182,4.72,33.0,,123.0,,,Pittsburgh Steelers ,7,229, 2016,69,DEMARCUS,AYERS
1,2,2017,Mike Williams,WR,22,Clemson,218,,32.5,15,121,,,Los Angeles Chargers ,1,7, 2017,76,MIKE,WILLIAMS
3,4,2017,Dede Westbrook,WR,23,Oklahoma,178,,,,,,,Jacksonville Jaguars ,4,110, 2017,72,DEDE,WESTBROOK
6,7,2017,Trent Taylor,WR,22,Louisiana Tech,181,4.63,33.0,13,117,6.74,4.01,San Francisco 49ers ,5,177, 2017,68,TRENT,TAYLOR
7,8,2017,Taywan Taylor,WR,22,Western Kentucky,203,4.50,33.5,13,132,6.57,4.21,Tennessee Titans ,3,72, 2017,71,TAYWAN,TAYLOR
8,9,2017,Ryan Switzer,WR,22,North Carolina,181,4.51,32.0,11,116,6.77,4.00,Dallas Cowboys ,4,133, 2017,68,RYAN,SWITZER
9,10,2017,ArDarius Stewart,WR,23,Alabama,204,4.49,34.0,,124,,,New York Jets ,3,79, 2017,71,ARDARIUS,STEWART
11,12,2017,JuJu Smith-Schuster,WR,20,USC,215,4.54,32.5,15,120,,,Pittsburgh Steelers ,2,62, 2017,73,JUJU,SMITH-SCHUSTER
14,15,2017,Curtis Samuel,WR,20,Ohio State,196,4.31,37.0,18,119,7.09,4.33,Carolina Panthers ,2,40, 2017,71,CURTIS,SAMUEL
16,17,2017,John Ross,WR,22,Washington,188,4.22,37.0,,133,,,Cincinnati Bengals ,1,9, 2017,71,JOHN,ROSS
20,21,2017,Josh Reynolds,WR,22,Texas A&M,194,4.52,37.0,,124,6.83,4.13,Los Angeles Rams ,4,117, 2017,75,JOSH,REYNOLDS
26,27,2017,Isaiah McKenzie,WR,21,Georgia,173,4.42,36.0,11,123,6.64,4.15,Denver Broncos ,5,172, 2017,67,ISAIAH,MCKENZIE
28,29,2017,Josh Malone,WR,20,Tennessee,208,4.40,30.5,10,121,7.05,4.19,Cincinnati Bengals ,4,128, 2017,75,JOSH,MALONE
31,32,2017,Cooper Kupp,WR,23,East. Washington,204,4.62,31.0,,116,6.75,4.08,Los Angeles Rams ,3,69, 2017,74,COOPER,KUPP
32,33,2017,Zay Jones,WR,21,East Carolina,201,4.45,36.5,15,133,6.79,4.01,Buffalo Bills ,2,37, 2017,74,ZAY,JONES
34,35,2017,Mack Hollins,WR,23,North Carolina,221,4.53,,,,,,Philadelphia Eagles ,4,118, 2017,76,MACK,HOLLINS
35,36,2017,Carlos Henderson,WR,22,Louisiana Tech,199,4.46,36.0,13,131,7.18,4.35,Denver Broncos ,3,82, 2017,71,CARLOS,HENDERSON
37,38,2017,Chad Hansen,WR,22,California,202,4.53,35.0,11,119,6.74,4.13,New York Jets ,4,141, 2017,74,CHAD,HANSEN
38,39,2017,Kenny Golladay,WR,23,Northern Illinois,218,4.50,35.5,18,120,7.00,4.15,Detroit Lions ,3,96, 2017,76,KENNY,GOLLADAY
39,40,2017,Chris Godwin,WR,21,Penn State,209,4.42,36.0,19,126,7.01,4.00,Tampa Bay Buccaneers ,3,84, 2017,73,CHRIS,GODWIN
40,41,2017,Shelton Gibson,WR,21,West Virginia,191,4.50,32.0,8,118,6.83,4.20,Philadelphia Eagles ,5,166, 2017,71,SHELTON,GIBSON
41,42,2017,Isaiah Ford,WR,21,Virginia Tech,194,4.61,35.5,14,127,6.94,4.34,Miami Dolphins ,7,237, 2017,73,ISAIAH,FORD
44,45,2017,Malachi Dupre,WR,21,LSU,196,4.52,39.5,11,135,7.19,4.26,Green Bay Packers ,7,247, 2017,74,MALACHI,DUPRE
45,46,2017,Robert Davis,WR,21,Georgia State,219,4.44,41.0,19,136,6.82,4.28,Washington Redskins ,6,209, 2017,75,ROBERT,DAVIS
46,47,2017,Corey Davis,WR,22,West. Michigan,209,,,,,,,Tennessee Titans ,1,5, 2017,75,COREY,DAVIS
47,48,2017,Amara Darboh,WR,23,Michigan,214,4.45,36.0,17,124,,,Seattle Seahawks ,3,106, 2017,74,AMARA,DARBOH
48,49,2017,Stacy Coley,WR,22,Miami (FL),195,4.45,34.0,10,122,,,Minnesota Vikings ,7,219, 2017,73,STACY,COLEY
49,50,2017,Jehu Chesson,WR,23,Michigan,204,4.47,35.5,10,132,6.70,4.09,Kansas City Chiefs ,4,139, 2017,75,JEHU,CHESSON
51,51,2017,Noah Brown,WR,21,Ohio State,222,,,19,,7.07,4.33,Dallas Cowboys ,7,239, 2017,74,NOAH,BROWN
53,53,2017,Rodney Adams,WR,22,South Florida,189,4.44,29.5,8,125,6.98,4.28,Minnesota Vikings ,5,170, 2017,73,RODNEY,ADAMS
0,1,2018,Javon Wims,WR,23.0,Georgia,215,4.53,33.5,,113.0,7.0,,Chicago Bears ,7,224, 2018,75,JAVON,WIMS
1,2,2018,Cedrick Wilson,WR,22.0,Boise State,197,4.55,37.0,9.0,121.0,6.89,4.23,Dallas Cowboys ,6,208, 2018,74,CEDRICK,WILSON
3,4,2018,James Washington,WR,21.0,Oklahoma State,213,4.54,34.5,14.0,120.0,7.11,4.32,Pittsburgh Steelers ,2,60, 2018,71,JAMES,WASHINGTON
4,5,2018,Marquez Valdes-Scantling,WR,23.0,South Florida,206,4.37,30.5,15.0,124.0,,,Green Bay Packers ,5,174, 2018,76,MARQUEZ,VALDES-SCANTLING
5,6,2018,Auden Tate,WR,21.0,Florida State,228,4.68,31.0,,112.0,,,Cincinnati Bengals ,7,253, 2018,77,AUDEN,TATE
6,7,2018,Courtland Sutton,WR,22.0,SMU,218,4.54,35.5,18.0,124.0,6.57,4.11,Denver Broncos ,2,40, 2018,75,COURTLAND,SUTTON
7,8,2018,Equanimeous St. brown,WR,21.0,Notre Dame,214,4.48,,20.0,,,,Green Bay Packers ,6,207, 2018,77,EQUANIMEOUS,ST BROWN
8,9,2018,Jaleel Scott,WR,23.0,New Mexico State,218,4.56,34.5,16.0,124.0,7.2,4.4,Baltimore Ravens ,4,132, 2018,77,JALEEL,SCOTT
10,11,2018,Calvin Ridley,WR,23.0,Alabama,189,4.43,31.0,15.0,110.0,6.88,4.41,Atlanta Falcons ,1,26, 2018,72,CALVIN,RIDLEY
11,12,2018,Trey Quinn,WR,22.0,SMU,203,4.55,33.5,17.0,116.0,6.91,4.19,Washington Redskins ,7,256, 2018,71,TREY,QUINN
14,15,2018,Dante Pettis,WR,22.0,Washington,186,,,,,,,San Francisco 49ers ,2,44, 2018,72,DANTE,PETTIS
15,16,2018,D.J. Moore,WR,20.0,Maryland,210,4.42,39.5,15.0,132.0,6.95,4.07,Carolina Panthers ,1,24, 2018,72,DJ,MOORE
16,17,2018,Anthony Miller,WR,23.0,Memphis,201,,,22.0,,,,Chicago Bears ,2,51, 2018,71,ANTHONY,MILLER
17,18,2018,Ray-ray McCloud,WR,21.0,Clemson,190,4.53,34.5,13.0,113.0,,,Buffalo Bills ,6,187, 2018,69,RAY-RAY,MCCLOUD
19,20,2018,Jordan Lasley,WR,21.0,UCLA,203,4.5,34.5,8.0,112.0,,4.19,Baltimore Ravens ,5,162, 2018,73,JORDAN,LASLEY
20,21,2018,Christian Kirk,WR,21.0,Texas A&M,201,4.47,35.5,20.0,115.0,7.09,4.45,Arizona Cardinals ,2,47, 2018,70,CHRISTIAN,KIRK
22,23,2018,Daesean Hamilton,WR,22.0,Penn State,203,,34.5,,118.0,6.84,4.15,Denver Broncos ,4,113, 2018,73,DAESEAN,HAMILTON
23,24,2018,Michael Gallup,WR,21.0,Colorado State,205,4.51,36.0,10.0,122.0,6.95,4.37,Dallas Cowboys ,3,81, 2018,73,MICHAEL,GALLUP
24,25,2018,Keke Coutee,WR,21.0,Texas Tech,181,4.43,34.5,14.0,113.0,6.93,4.15,Houston Texans ,4,103, 2018,70,KEKE,COUTEE
26,27,2018,Dylan Cantrell,WR,23.0,Texas Tech,226,4.59,38.5,18.0,130.0,6.56,4.03,Los Angeles Chargers ,6,191, 2018,75,DYLAN,CANTRELL
27,28,2018,Antonio Callaway,WR,21.0,Florida,200,4.41,34.0,,121.0,,,Cleveland Browns ,4,105, 2018,71,ANTONIO,CALLAWAY
28,29,2018,Deon Cain,WR,21.0,Clemson,202,4.43,33.5,11.0,115.0,6.71,4.37,Indianapolis Colts ,6,185, 2018,74,DEON,CAIN
30,31,2018,Braxton Berrios,WR,22.0,Miami (FL),184,,,11.0,,,,New England Patriots ,6,210, 2018,69,BRAXTON,BERRIOS
31,32,2018,Marcell Ateman,WR,23.0,Oklahoma State,216,4.62,34.0,13.0,121.0,7.07,4.25,Oakland Raiders ,7,228, 2018,76,MARCELL,ATEMAN
4,5,2019,Darius Slayton,WR,22.0,Auburn,190,4.39,40.5,11.0,135.0,7.0,4.15,New York Giants ,5,171, 2019,73,DARIUS,SLAYTON
6,7,2019,Deebo Samuel,WR,23.0,South Carolina,214,4.48,39.0,15.0,122.0,7.03,4.14,San Francisco 49ers ,2,36, 2019,71,DEEBO,SAMUEL
7,8,2019,Riley Ridley,WR,22.0,Georgia,199,4.58,30.5,13.0,124.0,7.22,4.28,Chicago Bears ,4,126, 2019,73,RILEY,RIDLEY
8,9,2019,Hunter Renfrow,WR,23.0,Clemson,184,4.59,35.0,7.0,116.0,6.8,4.19,Oakland Raiders ,5,149, 2019,70,HUNTER,RENFROW
11,12,2019,Dillon Mitchell,WR,21.0,Oregon,197,4.46,36.5,12.0,122.0,,4.29,Minnesota Vikings ,7,239, 2019,73,DILLON,MITCHELL
13,14,2019,D.K. Metcalf,WR,21.0,Mississippi,228,4.33,40.5,27.0,134.0,7.38,4.5,Seattle Seahawks ,2,64, 2019,75,DK,METCALF
14,15,2019,Terry McLaurin,WR,23.0,Ohio State,208,4.35,37.5,18.0,125.0,7.01,4.15,Washington Redskins ,3,76, 2019,72,TERRY,MCLAURIN
16,17,2019,Bisi Johnson,WR,21.0,Colorado State,204,4.51,38.0,14.0,124.0,6.88,4.16,Minnesota Vikings ,7,247, 2019,72,BISI,JOHNSON
17,18,2019,Keesean Johnson,WR,22.0,Fresno State,201,4.6,30.0,14.0,117.0,7.28,4.23,Arizona Cardinals ,6,174, 2019,73,KEESEAN,JOHNSON
18,19,2019,Diontae Johnson,WR,22.0,Toledo,183,4.53,33.5,15.0,123.0,7.09,4.45,Pittsburgh Steelers ,3,66, 2019,70,DIONTAE,JOHNSON
20,21,2019,Gary Jennings,WR,21.0,West Virginia,214,4.42,37.0,20.0,127.0,7.32,4.15,Seattle Seahawks ,4,120, 2019,73,GARY,JENNINGS
21,22,2019,Andy Isabella,WR,22.0,Massachusetts,188,4.31,36.5,15.0,121.0,6.95,4.15,Arizona Cardinals ,2,62, 2019,69,ANDY,ISABELLA
22,23,2019,Jalen Hurd,WR,23.0,Baylor,226,,,23.0,,,,San Francisco 49ers ,3,67, 2019,77,JALEN,HURD
24,25,2019,N'Keal Harry,WR,21.0,Arizona State,228,4.53,38.5,27.0,122.0,,,New England Patriots ,1,32, 2019,74,N'KEAL,HARRY
25,26,2019,Kelvin Harmon,WR,22.0,North Carolina State,221,4.6,32.5,18.0,117.0,7.15,4.32,Washington Redskins ,6,206, 2019,74,KELVIN,HARMON
26,27,2019,Mecole Hardman,WR,20.0,Georgia,187,4.33,36.5,17.0,119.0,,,Kansas City Chiefs ,2,56, 2019,70,MECOLE,HARDMAN
28,29,2019,Terry Godwin,WR,22.0,Georgia,184,4.55,36.5,,117.0,6.96,,Carolina Panthers ,7,237, 2019,71,TERRY,GODWIN
29,30,2019,Travis Fulgham,WR,23.0,Old Dominion,215,4.58,36.5,15.0,126.0,,,Detroit Lions ,6,184, 2019,74,TRAVIS,FULGHAM
37,38,2019,Parris Campbell,WR,21.0,Ohio State,205,4.31,40.0,11.0,135.0,,4.03,Indianapolis Colts ,2,59, 2019,72,PARRIS,CAMPBELL
38,39,2019,Hakeem Butler,WR,22.0,Iowa State,227,4.48,36.0,18.0,128.0,,,Arizona Cardinals ,4,103, 2019,77,HAKEEM,BUTLER
40,41,2019,Marquise Brown,WR,21.0,Oklahoma,166,,,,,,,Baltimore Ravens ,1,25, 2019,69,MARQUISE,BROWN
41,42,2019,A.J. Brown,WR,21.0,Mississippi,226,4.49,36.5,19.0,120.0,,,Tennessee Titans ,2,51, 2019,72,AJ,BROWN
43,44,2019,Miles Boykin,WR,22.0,Notre Dame,220,4.42,43.5,12.0,140.0,6.77,4.07,Baltimore Ravens ,3,93, 2019,76,MILES,BOYKIN
44,45,2019,J.J. Arcega-Whiteside,WR,22.0,Stanford,225,,,,,,,Philadelphia Eagles ,2,57, 2019,74,JJ,ARCEGA-WHITESIDE
1,2,2020,Quez Watkins,WR,,Southern Miss,185,4.35,36.5,,125,7.28,4.36,Philadelphia Eagles ,6,200, 2020,72,QUEZ,WATKINS
4,5,2020,Freddie Swain,WR,,Florida,197,4.46,36.5,16,124,7.05,4.26,Seattle Seahawks ,6,214, 2020,72,FREDDIE,SWAIN
6,7,2020,Laviska Shenault Jr.,WR,21,Colorado,227,4.58,,17,,,,Jacksonville Jaguars ,2,42, 2020,73,LAVISKA,SHENAULT JR
7,8,2020,Henry Ruggs III,WR,21,Alabama,188,4.27,42.0,,131,,,Las Vegas Raiders ,1,12, 2020,71,HENRY,RUGGS III
9,10,2020,Joe Reed,WR,,Virginia,224,4.47,38.0,21,123,,,Los Angeles Chargers ,5,151, 2020,72,JOE,REED
10,11,2020,Jalen Reagor,WR,21,TCU,206,4.47,42.0,17,138,7.31,4.46,Philadelphia Eagles ,1,21, 2020,71,JALEN,REAGOR
11,12,2020,James Proche,WR,,SMU,201,,34.5,20,,7.27,4.40,Baltimore Ravens ,6,201, 2020,71,JAMES,PROCHE
12,13,2020,Michael Pittman,WR,22,USC,223,4.52,36.5,13,121,6.96,4.14,Indianapolis Colts ,2,34, 2020,76,MICHAEL,PITTMAN
13,14,2020,Malcolm Perry,WR,,Navy,186,4.63,36.0,10,122,7.12,4.31,Miami Dolphins ,7,246, 2020,69,MALCOLM,PERRY
14,15,2020,Donovan Peoples-Jones,WR,,Michigan,212,4.48,44.5,,139,,,Cleveland Browns ,6,187, 2020,74,DONOVAN,PEOPLES-JONES
15,16,2020,Dezmon Patmon,WR,,Washington State,225,4.48,36.0,15,132,7.28,4.38,Indianapolis Colts ,6,212, 2020,76,DEZMON,PATMON
17,18,2020,K.J. Osborn,WR,,Miami,203,4.48,37.5,18,123,7.00,4.35,Minnesota Vikings ,5,176, 2020,71,KJ,OSBORN
18,19,2020,Darnell Mooney,WR,,Tulane,176,4.38,37.0,9,124,,,Chicago Bears ,5,173, 2020,70,DARNELL,MOONEY
19,20,2020,Denzel Mims,WR,22,Baylor,207,4.38,38.5,16,131,6.66,4.43,New York Jets ,2,59, 2020,75,DENZEL,MIMS
22,23,2020,CeeDee Lamb,WR,20,Oklahoma,198,4.50,34.5,11,124,,,Dallas Cowboys ,1,17, 2020,74,CEEDEE,LAMB
23,24,2020,Tyler Johnson,WR,,Minnesota,206,,,,,,,Tampa Bay Buccaneers ,5,161, 2020,73,TYLER,JOHNSON
25,26,2020,Collin Johnson,WR,,Texas,222,,,17,,,,Jacksonville Jaguars ,5,165, 2020,78,COLLIN,JOHNSON
26,27,2020,Jerry Jeudy,WR,20,Alabama,193,4.45,35.0,,120,,4.53,Denver Broncos ,1,15, 2020,73,JERRY,JEUDY
27,28,2020,Jauan Jennings,WR,,Tennessee,215,4.72,29.0,,119,,,San Francisco 49ers ,7,217, 2020,75,JAUAN,JENNINGS
28,29,2020,Van Jefferson,WR,23,Florida,200,,,,,,,Los Angeles Rams ,2,57, 2020,73,VAN,JEFFERSON
29,30,2020,Justin Jefferson,WR,20,LSU,202,4.43,37.5,,126,,,Minnesota Vikings ,1,22, 2020,73,JUSTIN,JEFFERSON
31,32,2020,Isaiah Hodgins,WR,,Oregon State,210,4.61,36.5,9,124,7.01,4.12,Buffalo Bills ,6,207, 2020,76,ISAIAH,HODGINS
32,33,2020,K.J. Hill,WR,,Ohio State,196,4.60,32.5,17,114,,,Los Angeles Chargers ,7,220, 2020,72,KJ,HILL
33,34,2020,John Hightower,WR,,Boise State,189,4.43,38.5,,122,7.07,4.21,Philadelphia Eagles ,5,168, 2020,73,JOHN,HIGHTOWER
34,35,2020,Tee Higgins,WR,21,Clemson,216,,,,,,,Cincinnati Bengals ,2,33, 2020,76,TEE,HIGGINS
35,36,2020,KJ Hamler,WR,20,Penn State,178,,,15,,,,Denver Broncos ,2,46, 2020,69,KJ,HAMLER
37,38,2020,Antonio Gibson,WR,21,Memphis,228,4.39,35.0,16,118,,,Washington Football Team ,3,66, 2020,72,ANTONIO,GIBSON
38,39,2020,Antonio Gandy-Golden,WR,,Liberty,223,4.60,36.0,22,127,7.33,4.55,Washington Football Team ,4,142, 2020,76,ANTONIO,GANDY-GOLDEN
41,42,2020,Bryan Edwards,WR,21,South Carolina,212,,,,,,,Las Vegas Raiders ,3,81, 2020,75,BRYAN,EDWARDS
42,43,2020,Devin Duvernay,WR,22,Texas,200,4.39,35.5,,123,7.13,4.20,Baltimore Ravens ,3,92, 2020,70,DEVIN,DUVERNAY
44,45,2020,Gabriel Davis,WR,,UCF,216,4.54,35.0,14,124,7.08,4.59,Buffalo Bills ,4,128, 2020,74,GABRIEL,DAVIS
45,46,2020,Isaiah Coulter,WR,,Rhode Island,198,4.45,36.0,,121,7.28,4.62,Houston Texans ,5,171, 2020,74,ISAIAH,COULTER
46,47,2020,Tyrie Cleveland,WR,,Florida,209,4.46,39.5,13,126,,,Denver Broncos ,7,252, 2020,74,TYRIE,CLEVELAND
47,48,2020,Chase Claypool,WR,21,Notre Dame,238,4.42,40.5,19,126,,,Pittsburgh Steelers ,2,49, 2020,76,CHASE,CLAYPOOL
48,49,2020,Quintez Cephus,WR,,Wisconsin,202,4.73,38.5,23,124,7.20,4.33,Detroit Lions ,5,166, 2020,73,QUINTEZ,CEPHUS
53,53,2020,Lynn Bowden,WR,22,Kentucky,204,,,13,,,,Las Vegas Raiders ,3,80, 2020,71,LYNN,BOWDEN
55,55,2020,Brandon Aiyuk,WR,21,Arizona State,205,4.50,40.0,11,128,,,San Francisco 49ers ,1,25, 2020,72,BRANDON,AIYUK
